Distance_(microns),Gray_Value
0.00000,3.7255
0.10400,4.3827
0.20800,4.4505
0.31200,4.3784
0.41600,4.6932
0.52000,7.0131
0.62400,11.5663
0.72800,14.3320
0.83200,14.5343
0.93600,12.0220
1.04000,10.0003
1.14400,9.8813
1.24800,8.7525
1.35200,8.0293
1.45600,8.0755
1.56000,8.5500
1.66400,9.0078
1.76800,9.0543
1.87200,7.5971
1.97600,7.4292
2.08000,6.6267
2.18400,6.5606
2.28800,6.8304
2.39200,7.3434
2.49600,6.7260
2.60000,5.1871
2.70400,4.8288
2.80800,3.8121
2.91200,3.7373
3.01600,3.3244
3.12000,2.2975
3.22400,1.9795
3.32800,2.0505
3.43200,1.7940
3.53600,1.9282
3.64000,1.9617
