Distance,Gray_Value
0,2.265
0.0645,2.28
0.129,2.257
0.1935,2.306
0.258,2.451
0.3225,2.574
0.387,2.637
0.4515,2.661
0.516,2.647
0.5805,2.66
0.645,2.731
0.7095,2.75
0.774,2.746
0.8385,2.764
0.903,2.733
0.9675,2.776
1.032,2.747
1.0965,2.766
1.161,2.816
1.2255,2.801
1.29,2.889
1.3545,2.976
1.419,2.956
1.4835,3.049
1.548,3.141
1.6125,3.187
1.677,3.273
1.7415,3.482
1.806,3.593
1.8705,3.909
1.935,4.166
1.9995,4.477
2.064,4.882
2.1285,5.486
2.193,6.241
2.2575,7.448
2.322,9.778
2.3865,13.782
2.451,20.135
2.5155,28.946
2.58,39.527
2.6445,50.719
2.709,61.083
2.7735,69.789
2.838,76.686
2.9025,82.242
2.967,87.067
3.0315,91.458
3.096,95.497
3.1605,99.177
3.225,102.489
3.2895,105.434
3.354,108.206
3.4185,110.882
3.483,113.401
3.5475,115.806
3.612,118.085
3.6765,120.239
3.741,122.266
3.8055,124.154
3.87,125.908
3.9345,127.46
3.999,128.803
4.0635,129.951
4.128,130.988
4.1925,131.944
4.257,132.686
4.3215,133.238
4.386,133.746
4.4505,133.976
4.515,134.176
4.5795,134.239
4.644,134.202
4.7085,134.13
4.773,133.937
4.8375,133.621
4.902,133.18
4.9665,132.64
5.031,132.004
5.0955,131.171
5.16,130.109
5.2245,128.997
5.289,127.68
5.3535,126.27
5.418,124.63
5.4825,122.802
5.547,120.818
5.6115,118.674
5.676,116.388
5.7405,113.846
5.805,111.111
5.8695,108.165
5.934,104.965
5.9985,101.464
6.063,97.561
6.1275,93.309
6.192,88.675
6.2565,83.607
6.321,77.744
6.3855,70.445
6.45,61.117
6.5145,50.101
6.579,38.812
6.6435,28.929
6.708,21.495
6.7725,16.58
6.837,13.523
6.9015,11.632
6.966,10.386
7.0305,9.344
7.095,8.342
7.1595,7.406
7.224,6.49
7.2885,5.631
7.353,4.853
7.4175,4.21
7.482,3.671
7.5465,3.15
7.611,2.583
7.6755,2.073
7.74,1.66
7.8045,1.344
7.869,1.135
7.9335,1.074
7.998,0.987
8.0625,1.015
8.127,1.054
8.1915,1.025
8.256,1.113
8.3205,1.174
8.385,1.248
8.4495,1.311
8.514,1.35
8.5785,1.438
8.643,1.415
8.7075,1.43
8.772,1.47
8.8365,1.414
8.901,1.365
8.9655,1.373
9.03,1.415
9.0945,1.422
9.159,1.416
9.2235,1.395
9.288,1.377
