Distance_um,OPD
0,1.400399
1,1.384642
2,1.373388
3,1.366772
4,1.387286
5,1.394235
6,1.422394
7,1.422585
8,1.403339
9,1.386861
10,1.396736
11,1.390383
12,1.362395
13,1.365712
14,1.38978
15,1.417165
16,1.427532
17,1.410737
18,1.39354
19,1.391834
20,1.381297
21,1.381014
22,1.401671
23,1.421462
24,1.411082
25,1.400833
26,1.37142
27,1.376174
28,1.401767
29,1.40886
30,1.42604
31,1.42727
32,1.397466
33,1.40098
34,1.402935
35,1.403884
36,1.39349
37,1.398973
38,1.412603
39,1.409678
40,1.414185
41,1.423762
42,1.424492
43,1.42757
44,1.442195
45,1.438949
46,1.437607
47,1.392212
48,1.354524
49,1.370388
50,1.453131
51,1.558964
52,1.574696
53,1.511044
54,1.44769
55,1.407205
56,1.397296
57,1.406894
58,1.422885
59,1.399693
60,1.393348
61,1.380325
62,1.39485
63,1.392897
64,1.387102
65,1.387034
66,1.410321
67,1.421516
68,1.420119
69,1.41019
70,1.399475
71,1.408541
72,1.420047
73,1.416107
74,1.424021
75,1.425623
76,1.44794
77,1.445305
78,1.419003
79,1.407131
80,1.399018
81,1.395528
82,1.392031
83,1.38971
84,1.379062
85,1.384652
86,1.398606
87,1.406747
88,1.39405
89,1.391931
90,1.3802
91,1.373429
92,1.389182
93,1.384963
94,1.400466
95,1.406996
96,1.40818
97,1.403696
98,1.410705
99,1.414972
100,1.415787
101,1.405921
