Distance_um,Gray_Value
0,118.195
1,117.507
2,116.582
3,116.184
4,115.556
5,114.031
6,113.515
7,113.11
8,112.628
9,113.49
10,113.921
11,113.141
12,113.454
13,114.412
14,115.899
15,116.978
16,115.094
17,113.212
18,112.461
19,112.382
20,111.926
21,112.035
22,111.992
23,112.221
24,112.034
25,111.564
26,111.699
27,112.517
28,112.379
29,111.747
30,112.261
31,111.655
32,111.533
33,111.436
34,112.285
35,112.661
36,112.406
37,114.629
38,115.111
39,114.707
40,114.323
41,114.749
42,114.357
43,117.221
44,120.398
45,122.409
46,123.569
47,127.299
48,138.173
49,154.634
50,190.787
51,309.05
52,433.164
53,389.599
54,246.98
55,164.453
56,138.222
57,126.671
58,120.947
59,119.091
60,117.618
61,116.996
62,115.9
63,115.271
64,114.61
65,113.911
66,113.109
67,112.938
68,113.186
69,112.016
70,112.386
71,112.053
72,112.356
73,112.332
74,112.007
75,111.215
76,112.221
77,112.285
78,112.148
79,111.849
80,111.656
81,111.855
82,111.89
83,111.635
84,111.682
85,111.604
86,112.069
87,112.608
88,112.606
89,112.259
90,111.986
91,111.566
92,112.304
93,112.316
94,112.067
95,113.956
96,116.682
97,117.798
98,115.931
99,113.534
100,111.916
101,111.365
